X,CH1,CH2,D7-D0,D15-D8,Start,Increment,
Sequence,Volt,Volt,,,-1.200000e-06,2.000000e-09
0,6.00e-01,6.00e-01,0x00,0x00,
1,6.00e-01,6.00e-01,0x00,0x00,
2,5.60e-01,5.60e-01,0x00,0x00,
3,5.60e-01,5.60e-01,0x00,0x00,
4,5.20e-01,5.20e-01,0x00,0x00,
5,5.20e-01,5.20e-01,0x00,0x00,
6,4.80e-01,4.80e-01,0x00,0x00,
7,4.80e-01,4.80e-01,0x00,0x00,
8,4.00e-01,4.00e-01,0x00,0x00,
9,4.00e-01,4.00e-01,0x00,0x00,
10,4.00e-01,4.00e-01,0x00,0x00,
11,4.00e-01,4.00e-01,0x00,0x00,
12,3.60e-01,3.60e-01,0x00,0x00,
13,3.60e-01,3.60e-01,0x00,0x00,
14,3.60e-01,3.20e-01,0x00,0x00,
15,3.60e-01,3.20e-01,0x00,0x00,
16,3.20e-01,3.20e-01,0x00,0x00,
17,3.20e-01,3.20e-01,0x00,0x00,
18,2.80e-01,2.80e-01,0x00,0x00,
19,2.80e-01,2.80e-01,0x00,0x00,
20,2.80e-01,2.80e-01,0x00,0x00,
21,2.80e-01,2.80e-01,0x00,0x00,
22,2.80e-01,2.00e-01,0x00,0x00,
23,2.80e-01,2.00e-01,0x00,0x00,
24,2.80e-01,2.00e-01,0x00,0x00,
25,2.80e-01,2.00e-01,0x00,0x00,
26,2.40e-01,2.00e-01,0x00,0x00,
27,2.40e-01,2.00e-01,0x00,0x00,
28,2.40e-01,2.00e-01,0x00,0x00,
29,2.40e-01,2.00e-01,0x00,0x00,
30,1.60e-01,1.60e-01,0x00,0x00,
31,1.60e-01,1.60e-01,0x00,0x00,
32,1.60e-01,1.60e-01,0x00,0x00,
33,1.60e-01,1.60e-01,0x00,0x00,
34,1.60e-01,1.60e-01,0x00,0x00,
35,1.60e-01,1.60e-01,0x00,0x00,
36,1.60e-01,1.60e-01,0x00,0x00,
37,1.60e-01,1.60e-01,0x00,0x00,
38,1.60e-01,1.20e-01,0x00,0x00,
39,1.60e-01,1.20e-01,0x00,0x00,
40,1.60e-01,1.20e-01,0x00,0x00,
41,1.60e-01,1.20e-01,0x00,0x00,
42,1.20e-01,1.20e-01,0x00,0x00,
43,1.20e-01,1.20e-01,0x00,0x00,
44,1.20e-01,1.20e-01,0x00,0x00,
45,1.20e-01,1.20e-01,0x00,0x00,
46,1.20e-01,1.20e-01,0x00,0x00,
47,1.20e-01,1.20e-01,0x00,0x00,
48,1.20e-01,8.00e-02,0x00,0x00,
49,1.20e-01,8.00e-02,0x00,0x00,
50,1.20e-01,8.00e-02,0x00,0x00,
51,1.20e-01,8.00e-02,0x00,0x00,
52,1.20e-01,8.00e-02,0x00,0x00,
53,1.20e-01,8.00e-02,0x00,0x00,
54,8.00e-02,8.00e-02,0x00,0x00,
55,8.00e-02,8.00e-02,0x00,0x00,
56,8.00e-02,8.00e-02,0x00,0x00,
57,8.00e-02,8.00e-02,0x00,0x00,
58,8.00e-02,8.00e-02,0x00,0x00,
59,8.00e-02,8.00e-02,0x00,0x00,
60,8.00e-02,8.00e-02,0x00,0x00,
61,8.00e-02,8.00e-02,0x00,0x00,
62,8.00e-02,8.00e-02,0x00,0x00,
63,8.00e-02,8.00e-02,0x00,0x00,
64,8.00e-02,8.00e-02,0x00,0x00,
65,8.00e-02,8.00e-02,0x00,0x00,
66,8.00e-02,8.00e-02,0x00,0x00,
67,8.00e-02,8.00e-02,0x00,0x00,
68,8.00e-02,4.00e-02,0x00,0x00,
69,8.00e-02,4.00e-02,0x00,0x00,
70,8.00e-02,4.00e-02,0x00,0x00,
71,8.00e-02,4.00e-02,0x00,0x00,
72,8.00e-02,4.00e-02,0x00,0x00,
73,8.00e-02,4.00e-02,0x00,0x00,
74,4.00e-02,4.00e-02,0x00,0x00,
75,4.00e-02,4.00e-02,0x00,0x00,
76,8.00e-02,8.00e-02,0x00,0x00,
77,8.00e-02,8.00e-02,0x00,0x00,
78,1.20e-01,1.20e-01,0x00,0x00,
79,1.20e-01,1.20e-01,0x00,0x00,
80,3.20e-01,3.20e-01,0x00,0x00,
81,3.20e-01,3.20e-01,0x00,0x00,
82,5.20e-01,5.20e-01,0x00,0x00,
83,5.20e-01,5.20e-01,0x00,0x00,
84,6.80e-01,6.40e-01,0xD0,0xE0,
85,6.80e-01,6.40e-01,0xD0,0xE0,
86,7.20e-01,7.60e-01,0xF7,0xFB,
87,7.20e-01,7.60e-01,0xF7,0xFB,
88,8.40e-01,8.00e-01,0xFF,0xFF,
89,8.40e-01,8.00e-01,0xFF,0xFF,
90,9.60e-01,9.60e-01,0xFF,0xFF,
91,9.60e-01,9.60e-01,0xFF,0xFF,
92,1.08e+00,1.08e+00,0xFF,0xFF,
93,1.08e+00,1.08e+00,0xFF,0xFF,
94,1.16e+00,1.20e+00,0xFF,0xDF,
95,1.16e+00,1.20e+00,0xFF,0xDF,
96,1.24e+00,1.24e+00,0x7F,0xDF,
97,1.24e+00,1.24e+00,0x7F,0xDF,
98,1.24e+00,1.24e+00,0x3F,0xDD,
99,1.24e+00,1.24e+00,0x3F,0xDD,
100,1.24e+00,1.24e+00,0x3F,0xDC,
101,1.24e+00,1.24e+00,0x3F,0xDC,
102,1.28e+00,1.28e+00,0x3F,0xDC,
103,1.28e+00,1.28e+00,0x3F,0xDC,
104,1.36e+00,1.36e+00,0x3F,0xDC,
105,1.36e+00,1.36e+00,0x3F,0xDC,
106,1.40e+00,1.40e+00,0x3F,0xDC,
107,1.40e+00,1.40e+00,0x3F,0xDC,
108,1.44e+00,1.44e+00,0x3F,0xDC,
109,1.44e+00,1.44e+00,0x3F,0xDC,
110,1.48e+00,1.48e+00,0x3F,0xDC,
111,1.48e+00,1.48e+00,0x3F,0xDC,
112,1.48e+00,1.52e+00,0x3F,0xDC,
113,1.48e+00,1.52e+00,0x3F,0xDC,
114,1.52e+00,1.52e+00,0x3F,0xDC,
115,1.52e+00,1.52e+00,0x3F,0xDC,
116,1.60e+00,1.60e+00,0x3F,0xDC,
117,1.60e+00,1.60e+00,0x3F,0xDC,
118,1.64e+00,1.64e+00,0x3F,0xDC,
119,1.64e+00,1.64e+00,0x3F,0xDC,
120,1.64e+00,1.64e+00,0x3F,0xDC,
121,1.64e+00,1.64e+00,0x3F,0xDC,
122,1.64e+00,1.68e+00,0x3F,0xDC,
123,1.64e+00,1.68e+00,0x3F,0xDC,
124,1.68e+00,1.68e+00,0x3F,0xDC,
125,1.68e+00,1.68e+00,0x3F,0xDC,
126,1.68e+00,1.68e+00,0x3F,0xDC,
127,1.68e+00,1.68e+00,0x3F,0xDC,
128,1.68e+00,1.68e+00,0x3F,0xDC,
129,1.68e+00,1.68e+00,0x3F,0xDC,
130,1.72e+00,1.72e+00,0x3F,0xDC,
131,1.72e+00,1.72e+00,0x3F,0xDC,
132,1.72e+00,1.72e+00,0x3F,0xDC,
133,1.72e+00,1.72e+00,0x3F,0xDC,
134,1.72e+00,1.76e+00,0x3F,0xDC,
135,1.72e+00,1.76e+00,0x3F,0xDC,
136,1.76e+00,1.76e+00,0x3F,0xDC,
137,1.76e+00,1.76e+00,0x3F,0xDC,
138,1.76e+00,1.76e+00,0x3F,0xDC,
139,1.76e+00,1.76e+00,0x3F,0xDC,
140,1.76e+00,1.76e+00,0x3F,0xDC,
141,1.76e+00,1.76e+00,0x3F,0xDC,
142,1.76e+00,1.76e+00,0x3F,0xDC,
143,1.76e+00,1.76e+00,0x3F,0xDC,
144,1.84e+00,1.84e+00,0x3F,0xDC,
145,1.84e+00,1.84e+00,0x3F,0xDC,
146,1.84e+00,1.84e+00,0x3F,0xDC,
147,1.84e+00,1.84e+00,0x3F,0xDC,
148,1.84e+00,1.84e+00,0x3F,0xDC,
149,1.84e+00,1.84e+00,0x3F,0xDC,
150,1.84e+00,1.84e+00,0x3F,0xDC,
151,1.84e+00,1.84e+00,0x3F,0xDC,
152,1.84e+00,1.84e+00,0x3F,0xDC,
153,1.84e+00,1.84e+00,0x3F,0xDC,
154,1.84e+00,1.84e+00,0x3F,0xDC,
155,1.84e+00,1.84e+00,0x3F,0xDC,
156,1.84e+00,1.88e+00,0x3F,0xDC,
157,1.84e+00,1.88e+00,0x3F,0xDC,
158,1.84e+00,1.88e+00,0x3F,0xDC,
159,1.84e+00,1.88e+00,0x3F,0xDC,
160,1.88e+00,1.88e+00,0x3F,0xDC,
161,1.88e+00,1.88e+00,0x3F,0xDC,
162,1.88e+00,1.88e+00,0x3F,0xDC,
163,1.88e+00,1.88e+00,0x3F,0xDC,
164,1.88e+00,1.88e+00,0x3F,0xDC,
165,1.88e+00,1.88e+00,0x3F,0xDC,
166,1.88e+00,1.88e+00,0x3F,0xDC,
167,1.88e+00,1.88e+00,0x3F,0xDC,
168,1.88e+00,1.88e+00,0x3F,0xDC,
169,1.88e+00,1.88e+00,0x3F,0xDC,
170,1.88e+00,1.88e+00,0x3F,0xDC,
171,1.88e+00,1.88e+00,0x3F,0xDC,
172,1.88e+00,1.88e+00,0x3F,0xDC,
173,1.88e+00,1.88e+00,0x3F,0xDC,
174,1.88e+00,1.88e+00,0x3F,0xDC,
175,1.88e+00,1.88e+00,0x3F,0xDC,
176,1.88e+00,1.88e+00,0x3F,0xDC,
177,1.88e+00,1.88e+00,0x3F,0xDC,
178,1.76e+00,1.76e+00,0x3F,0xDC,
179,1.76e+00,1.76e+00,0x3F,0xDC,
180,1.64e+00,1.64e+00,0x3F,0xDC,
181,1.64e+00,1.64e+00,0x3F,0xDC,
182,1.40e+00,1.40e+00,0x3F,0xDC,
183,1.40e+00,1.40e+00,0x3F,0xDC,
184,1.28e+00,1.24e+00,0x3F,0xDC,
185,1.28e+00,1.24e+00,0x3F,0xDC,
186,1.20e+00,1.20e+00,0x3F,0xDC,
187,1.20e+00,1.20e+00,0x3F,0xDC,
188,1.08e+00,1.08e+00,0x3F,0xDC,
189,1.08e+00,1.08e+00,0x3F,0xDC,
190,9.60e-01,1.00e+00,0x3F,0xDC,
191,9.60e-01,1.00e+00,0x3F,0xDC,
192,8.40e-01,8.40e-01,0x17,0x4C,
193,8.40e-01,8.40e-01,0x17,0x4C,
194,7.60e-01,7.20e-01,0x15,0x48,
195,7.60e-01,7.20e-01,0x15,0x48,
196,7.20e-01,6.40e-01,0x01,0x00,
197,7.20e-01,6.40e-01,0x01,0x00,
198,6.80e-01,6.40e-01,0x00,0x00,
199,6.80e-01,6.40e-01,0x00,0x00,
200,6.80e-01,6.40e-01,0x00,0x00,
201,6.80e-01,6.40e-01,0x00,0x00,
202,6.80e-01,6.40e-01,0x00,0x00,
203,6.80e-01,6.40e-01,0x00,0x00,
204,6.00e-01,5.60e-01,0x00,0x00,
205,6.00e-01,5.60e-01,0x00,0x00,
206,5.20e-01,5.20e-01,0x00,0x00,
207,5.20e-01,5.20e-01,0x00,0x00,
208,4.80e-01,4.80e-01,0x00,0x00,
209,4.80e-01,4.80e-01,0x00,0x00,
210,4.00e-01,4.00e-01,0x00,0x00,
211,4.00e-01,4.00e-01,0x00,0x00,
212,4.00e-01,4.00e-01,0x00,0x00,
213,4.00e-01,4.00e-01,0x00,0x00,
214,3.60e-01,3.60e-01,0x00,0x00,
215,3.60e-01,3.60e-01,0x00,0x00,
216,3.60e-01,3.60e-01,0x00,0x00,
217,3.60e-01,3.60e-01,0x00,0x00,
218,3.20e-01,3.20e-01,0x00,0x00,
219,3.20e-01,3.20e-01,0x00,0x00,
220,3.20e-01,2.80e-01,0x00,0x00,
221,3.20e-01,2.80e-01,0x00,0x00,
222,2.80e-01,2.80e-01,0x00,0x00,
223,2.80e-01,2.80e-01,0x00,0x00,
224,2.80e-01,2.80e-01,0x00,0x00,
225,2.80e-01,2.80e-01,0x00,0x00,
226,2.80e-01,2.80e-01,0x00,0x00,
227,2.80e-01,2.80e-01,0x00,0x00,
228,3.20e-01,3.20e-01,0x00,0x00,
229,3.20e-01,3.20e-01,0x00,0x00,
230,4.80e-01,4.80e-01,0x00,0x00,
231,4.80e-01,4.80e-01,0x00,0x00,
232,7.20e-01,6.40e-01,0x00,0x20,
233,7.20e-01,6.40e-01,0x00,0x20,
234,8.00e-01,8.00e-01,0xF5,0xF3,
235,8.00e-01,8.00e-01,0xF5,0xF3,
236,8.40e-01,8.40e-01,0xFF,0xFF,
237,8.40e-01,8.40e-01,0xFF,0xFF,
238,9.60e-01,9.60e-01,0xFF,0xFF,
239,9.60e-01,9.60e-01,0xFF,0xFF,
240,1.08e+00,1.04e+00,0xFF,0xFF,
241,1.08e+00,1.04e+00,0xFF,0xFF,
242,1.20e+00,1.20e+00,0xFF,0xFF,
243,1.20e+00,1.20e+00,0xFF,0xFF,
244,1.28e+00,1.28e+00,0x7F,0xDF,
245,1.28e+00,1.28e+00,0x7F,0xDF,
246,1.36e+00,1.36e+00,0x3F,0xDD,
247,1.36e+00,1.36e+00,0x3F,0xDD,
248,1.36e+00,1.36e+00,0x3F,0xDC,
249,1.36e+00,1.36e+00,0x3F,0xDC,
250,1.36e+00,1.28e+00,0x3F,0xDC,
251,1.36e+00,1.28e+00,0x3F,0xDC,
252,1.40e+00,1.40e+00,0x3F,0xDC,
253,1.40e+00,1.40e+00,0x3F,0xDC,
254,1.40e+00,1.40e+00,0x3F,0xDC,
255,1.40e+00,1.40e+00,0x3F,0xDC,
256,1.48e+00,1.48e+00,0x3F,0xDC,
257,1.48e+00,1.48e+00,0x3F,0xDC,
258,1.52e+00,1.52e+00,0x3F,0xDC,
259,1.52e+00,1.52e+00,0x3F,0xDC,
260,1.52e+00,1.52e+00,0x3F,0xDC,
261,1.52e+00,1.52e+00,0x3F,0xDC,
262,1.52e+00,1.60e+00,0x3F,0xDC,
263,1.52e+00,1.60e+00,0x3F,0xDC,
264,1.60e+00,1.60e+00,0x3F,0xDC,
265,1.60e+00,1.60e+00,0x3F,0xDC,
266,1.64e+00,1.64e+00,0x3F,0xDC,
267,1.64e+00,1.64e+00,0x3F,0xDC,
268,1.64e+00,1.64e+00,0x3F,0xDC,
269,1.64e+00,1.64e+00,0x3F,0xDC,
270,1.68e+00,1.68e+00,0x3F,0xDC,
271,1.68e+00,1.68e+00,0x3F,0xDC,
272,1.68e+00,1.68e+00,0x3F,0xDC,
273,1.68e+00,1.68e+00,0x3F,0xDC,
274,1.68e+00,1.68e+00,0x3F,0xDC,
275,1.68e+00,1.68e+00,0x3F,0xDC,
276,1.68e+00,1.68e+00,0x3F,0xDC,
277,1.68e+00,1.68e+00,0x3F,0xDC,
278,1.64e+00,1.64e+00,0x3F,0xDC,
279,1.64e+00,1.64e+00,0x3F,0xDC,
280,1.48e+00,1.48e+00,0x3F,0xDC,
281,1.48e+00,1.48e+00,0x3F,0xDC,
282,1.24e+00,1.28e+00,0x3F,0xDC,
283,1.24e+00,1.28e+00,0x3F,0xDC,
284,1.16e+00,1.16e+00,0x3F,0xDC,
285,1.16e+00,1.16e+00,0x3F,0xDC,
286,1.08e+00,1.08e+00,0x3F,0xDC,
287,1.08e+00,1.08e+00,0x3F,0xDC,
288,1.00e+00,1.00e+00,0x1F,0x4C,
289,1.00e+00,1.00e+00,0x1F,0x4C,
290,8.40e-01,9.20e-01,0x05,0x00,
291,8.40e-01,9.20e-01,0x05,0x00,
292,7.60e-01,7.60e-01,0x00,0x00,
293,7.60e-01,7.60e-01,0x00,0x00,
294,6.80e-01,6.40e-01,0x00,0x00,
295,6.80e-01,6.40e-01,0x00,0x00,
296,6.00e-01,6.00e-01,0x00,0x00,
297,6.00e-01,6.00e-01,0x00,0x00,
298,6.00e-01,6.00e-01,0x00,0x00,
299,6.00e-01,6.00e-01,0x00,0x00,
300,6.00e-01,6.00e-01,0x00,0x00,
301,6.00e-01,6.00e-01,0x00,0x00,
302,5.60e-01,5.60e-01,0x00,0x00,
303,5.60e-01,5.60e-01,0x00,0x00,
304,5.20e-01,5.20e-01,0x00,0x00,
305,5.20e-01,5.20e-01,0x00,0x00,
306,4.80e-01,4.80e-01,0x00,0x00,
307,4.80e-01,4.80e-01,0x00,0x00,
308,4.00e-01,4.00e-01,0x00,0x00,
309,4.00e-01,4.00e-01,0x00,0x00,
310,4.00e-01,4.00e-01,0x00,0x00,
311,4.00e-01,4.00e-01,0x00,0x00,
312,3.60e-01,3.60e-01,0x00,0x00,
313,3.60e-01,3.60e-01,0x00,0x00,
314,3.60e-01,3.20e-01,0x00,0x00,
315,3.60e-01,3.20e-01,0x00,0x00,
316,3.20e-01,3.20e-01,0x00,0x00,
317,3.20e-01,3.20e-01,0x00,0x00,
318,2.80e-01,2.80e-01,0x00,0x00,
319,2.80e-01,2.80e-01,0x00,0x00,
320,2.80e-01,2.80e-01,0x00,0x00,
321,2.80e-01,2.80e-01,0x00,0x00,
322,2.80e-01,2.00e-01,0x00,0x00,
323,2.80e-01,2.00e-01,0x00,0x00,
324,2.80e-01,2.00e-01,0x00,0x00,
325,2.80e-01,2.00e-01,0x00,0x00,
326,2.40e-01,2.00e-01,0x00,0x00,
327,2.40e-01,2.00e-01,0x00,0x00,
328,3.20e-01,2.80e-01,0x00,0x00,
329,3.20e-01,2.80e-01,0x00,0x00,
330,4.80e-01,4.80e-01,0x00,0x00,
331,4.80e-01,4.80e-01,0x00,0x00,
332,6.80e-01,6.40e-01,0x00,0x20,
333,6.80e-01,6.40e-01,0x00,0x20,
334,7.60e-01,8.00e-01,0xF0,0xF1,
335,7.60e-01,8.00e-01,0xF0,0xF1,
336,8.40e-01,8.40e-01,0xFF,0xFF,
337,8.40e-01,8.40e-01,0xFF,0xFF,
338,9.60e-01,9.60e-01,0xFF,0xFF,
339,9.60e-01,9.60e-01,0xFF,0xFF,
340,1.08e+00,1.04e+00,0xFF,0xFF,
341,1.08e+00,1.04e+00,0xFF,0xFF,
342,1.20e+00,1.20e+00,0xFF,0xFF,
343,1.20e+00,1.20e+00,0xFF,0xFF,
344,1.24e+00,1.28e+00,0x7F,0xDF,
345,1.24e+00,1.28e+00,0x7F,0xDF,
346,1.28e+00,1.36e+00,0x3F,0xDD,
347,1.28e+00,1.36e+00,0x3F,0xDD,
348,1.36e+00,1.36e+00,0x3F,0xDC,
349,1.36e+00,1.36e+00,0x3F,0xDC,
350,1.36e+00,1.28e+00,0x3F,0xDC,
351,1.36e+00,1.28e+00,0x3F,0xDC,
352,1.36e+00,1.36e+00,0x3F,0xDC,
353,1.36e+00,1.36e+00,0x3F,0xDC,
354,1.40e+00,1.40e+00,0x3F,0xDC,
355,1.40e+00,1.40e+00,0x3F,0xDC,
356,1.44e+00,1.48e+00,0x3F,0xDC,
357,1.44e+00,1.48e+00,0x3F,0xDC,
358,1.48e+00,1.48e+00,0x3F,0xDC,
359,1.48e+00,1.48e+00,0x3F,0xDC,
360,1.52e+00,1.52e+00,0x3F,0xDC,
361,1.52e+00,1.52e+00,0x3F,0xDC,
362,1.52e+00,1.52e+00,0x3F,0xDC,
363,1.52e+00,1.52e+00,0x3F,0xDC,
364,1.60e+00,1.60e+00,0x3F,0xDC,
365,1.60e+00,1.60e+00,0x3F,0xDC,
366,1.64e+00,1.64e+00,0x3F,0xDC,
367,1.64e+00,1.64e+00,0x3F,0xDC,
368,1.64e+00,1.64e+00,0x3F,0xDC,
369,1.64e+00,1.64e+00,0x3F,0xDC,
370,1.68e+00,1.68e+00,0x3F,0xDC,
371,1.68e+00,1.68e+00,0x3F,0xDC,
372,1.68e+00,1.68e+00,0x3F,0xDC,
373,1.68e+00,1.68e+00,0x3F,0xDC,
374,1.68e+00,1.68e+00,0x3F,0xDC,
375,1.68e+00,1.68e+00,0x3F,0xDC,
376,1.68e+00,1.68e+00,0x3F,0xDC,
377,1.68e+00,1.68e+00,0x3F,0xDC,
378,1.64e+00,1.64e+00,0x3F,0xDC,
379,1.64e+00,1.64e+00,0x3F,0xDC,
380,1.44e+00,1.48e+00,0x3F,0xDC,
381,1.44e+00,1.48e+00,0x3F,0xDC,
382,1.24e+00,1.24e+00,0x3F,0xDC,
383,1.24e+00,1.24e+00,0x3F,0xDC,
384,1.16e+00,1.16e+00,0x3F,0xDC,
385,1.16e+00,1.16e+00,0x3F,0xDC,
386,1.08e+00,1.08e+00,0x3F,0xDC,
387,1.08e+00,1.08e+00,0x3F,0xDC,
388,1.00e+00,1.00e+00,0x1F,0x4C,
389,1.00e+00,1.00e+00,0x1F,0x4C,
390,8.40e-01,9.20e-01,0x05,0x00,
391,8.40e-01,9.20e-01,0x05,0x00,
392,7.60e-01,7.60e-01,0x00,0x00,
393,7.60e-01,7.60e-01,0x00,0x00,
394,6.80e-01,6.40e-01,0x00,0x00,
395,6.80e-01,6.40e-01,0x00,0x00,
396,6.00e-01,6.00e-01,0x00,0x00,
397,6.00e-01,6.00e-01,0x00,0x00,
398,6.00e-01,6.00e-01,0x00,0x00,
399,6.00e-01,6.00e-01,0x00,0x00,
400,6.00e-01,6.00e-01,0x00,0x00,
401,6.00e-01,6.00e-01,0x00,0x00,
402,5.60e-01,5.60e-01,0x00,0x00,
403,5.60e-01,5.60e-01,0x00,0x00,
404,5.20e-01,5.20e-01,0x00,0x00,
405,5.20e-01,5.20e-01,0x00,0x00,
406,4.80e-01,4.80e-01,0x00,0x00,
407,4.80e-01,4.80e-01,0x00,0x00,
408,4.00e-01,4.00e-01,0x00,0x00,
409,4.00e-01,4.00e-01,0x00,0x00,
410,4.00e-01,4.00e-01,0x00,0x00,
411,4.00e-01,4.00e-01,0x00,0x00,
412,3.60e-01,3.60e-01,0x00,0x00,
413,3.60e-01,3.60e-01,0x00,0x00,
414,3.60e-01,3.20e-01,0x00,0x00,
415,3.60e-01,3.20e-01,0x00,0x00,
416,3.20e-01,3.20e-01,0x00,0x00,
417,3.20e-01,3.20e-01,0x00,0x00,
418,2.80e-01,2.80e-01,0x00,0x00,
419,2.80e-01,2.80e-01,0x00,0x00,
420,2.80e-01,2.80e-01,0x00,0x00,
421,2.80e-01,2.80e-01,0x00,0x00,
422,2.80e-01,2.00e-01,0x00,0x00,
423,2.80e-01,2.00e-01,0x00,0x00,
424,2.80e-01,2.00e-01,0x00,0x00,
425,2.80e-01,2.00e-01,0x00,0x00,
426,2.40e-01,2.00e-01,0x00,0x00,
427,2.40e-01,2.00e-01,0x00,0x00,
428,3.20e-01,3.20e-01,0x00,0x00,
429,3.20e-01,3.20e-01,0x00,0x00,
430,4.80e-01,4.80e-01,0x00,0x00,
431,4.80e-01,4.80e-01,0x00,0x00,
432,6.80e-01,6.40e-01,0x00,0x20,
433,6.80e-01,6.40e-01,0x00,0x20,
434,7.60e-01,8.00e-01,0xF0,0xF1,
435,7.60e-01,8.00e-01,0xF0,0xF1,
436,8.40e-01,8.40e-01,0xFF,0xFF,
437,8.40e-01,8.40e-01,0xFF,0xFF,
438,9.60e-01,9.20e-01,0xFF,0xFF,
439,9.60e-01,9.20e-01,0xFF,0xFF,
440,1.08e+00,1.04e+00,0xFF,0xFF,
441,1.08e+00,1.04e+00,0xFF,0xFF,
442,1.20e+00,1.20e+00,0xFF,0xFF,
443,1.20e+00,1.20e+00,0xFF,0xFF,
444,1.24e+00,1.28e+00,0x7F,0xDF,
445,1.24e+00,1.28e+00,0x7F,0xDF,
446,1.28e+00,1.36e+00,0x3F,0xDD,
447,1.28e+00,1.36e+00,0x3F,0xDD,
448,1.36e+00,1.36e+00,0x3F,0xDD,
449,1.36e+00,1.36e+00,0x3F,0xDD,
450,1.36e+00,1.28e+00,0x3F,0xDC,
451,1.36e+00,1.28e+00,0x3F,0xDC,
452,1.36e+00,1.36e+00,0x3F,0xDC,
453,1.36e+00,1.36e+00,0x3F,0xDC,
454,1.40e+00,1.40e+00,0x3F,0xDC,
455,1.40e+00,1.40e+00,0x3F,0xDC,
456,1.44e+00,1.48e+00,0x3F,0xDC,
457,1.44e+00,1.48e+00,0x3F,0xDC,
458,1.48e+00,1.48e+00,0x3F,0xDC,
459,1.48e+00,1.48e+00,0x3F,0xDC,
460,1.52e+00,1.52e+00,0x3F,0xDC,
461,1.52e+00,1.52e+00,0x3F,0xDC,
462,1.52e+00,1.52e+00,0x3F,0xDC,
463,1.52e+00,1.52e+00,0x3F,0xDC,
464,1.60e+00,1.60e+00,0x3F,0xDC,
465,1.60e+00,1.60e+00,0x3F,0xDC,
466,1.64e+00,1.64e+00,0x3F,0xDC,
467,1.64e+00,1.64e+00,0x3F,0xDC,
468,1.64e+00,1.64e+00,0x3F,0xDC,
469,1.64e+00,1.64e+00,0x3F,0xDC,
470,1.68e+00,1.68e+00,0x3F,0xDC,
471,1.68e+00,1.68e+00,0x3F,0xDC,
472,1.68e+00,1.68e+00,0x3F,0xDC,
473,1.68e+00,1.68e+00,0x3F,0xDC,
474,1.68e+00,1.68e+00,0x3F,0xDC,
475,1.68e+00,1.68e+00,0x3F,0xDC,
476,1.68e+00,1.68e+00,0x3F,0xDC,
477,1.68e+00,1.68e+00,0x3F,0xDC,
478,1.64e+00,1.64e+00,0x3F,0xDC,
479,1.64e+00,1.64e+00,0x3F,0xDC,
480,1.44e+00,1.48e+00,0x3F,0xDC,
481,1.44e+00,1.48e+00,0x3F,0xDC,
482,1.24e+00,1.24e+00,0x3F,0xDC,
483,1.24e+00,1.24e+00,0x3F,0xDC,
484,1.16e+00,1.16e+00,0x3F,0xDC,
485,1.16e+00,1.16e+00,0x3F,0xDC,
486,1.08e+00,1.04e+00,0x3F,0xDC,
487,1.08e+00,1.04e+00,0x3F,0xDC,
488,1.00e+00,1.00e+00,0x1F,0x4C,
489,1.00e+00,1.00e+00,0x1F,0x4C,
490,8.40e-01,9.20e-01,0x05,0x00,
491,8.40e-01,9.20e-01,0x05,0x00,
492,7.60e-01,7.60e-01,0x00,0x00,
493,7.60e-01,7.60e-01,0x00,0x00,
494,6.80e-01,6.40e-01,0x00,0x00,
495,6.80e-01,6.40e-01,0x00,0x00,
496,6.00e-01,6.00e-01,0x00,0x00,
497,6.00e-01,6.00e-01,0x00,0x00,
498,6.00e-01,6.00e-01,0x00,0x00,
499,6.00e-01,6.00e-01,0x00,0x00,
500,6.00e-01,6.00e-01,0x00,0x00,
501,6.00e-01,6.00e-01,0x00,0x00,
502,5.60e-01,5.60e-01,0x00,0x00,
503,5.60e-01,5.60e-01,0x00,0x00,
504,5.20e-01,5.20e-01,0x00,0x00,
505,5.20e-01,5.20e-01,0x00,0x00,
506,4.80e-01,4.80e-01,0x00,0x00,
507,4.80e-01,4.80e-01,0x00,0x00,
508,4.00e-01,4.00e-01,0x00,0x00,
509,4.00e-01,4.00e-01,0x00,0x00,
510,4.00e-01,4.00e-01,0x00,0x00,
511,4.00e-01,4.00e-01,0x00,0x00,
512,3.60e-01,3.60e-01,0x00,0x00,
513,3.60e-01,3.60e-01,0x00,0x00,
514,3.60e-01,3.20e-01,0x00,0x00,
515,3.60e-01,3.20e-01,0x00,0x00,
516,3.20e-01,3.20e-01,0x00,0x00,
517,3.20e-01,3.20e-01,0x00,0x00,
518,2.80e-01,2.80e-01,0x00,0x00,
519,2.80e-01,2.80e-01,0x00,0x00,
520,2.80e-01,2.80e-01,0x00,0x00,
521,2.80e-01,2.80e-01,0x00,0x00,
522,2.80e-01,2.00e-01,0x00,0x00,
523,2.80e-01,2.00e-01,0x00,0x00,
524,2.80e-01,2.00e-01,0x00,0x00,
525,2.80e-01,2.00e-01,0x00,0x00,
526,2.40e-01,2.00e-01,0x00,0x00,
527,2.40e-01,2.00e-01,0x00,0x00,
528,2.40e-01,2.00e-01,0x00,0x00,
529,2.40e-01,2.00e-01,0x00,0x00,
530,2.40e-01,1.60e-01,0x00,0x00,
531,2.40e-01,1.60e-01,0x00,0x00,
532,1.60e-01,1.60e-01,0x00,0x00,
533,1.60e-01,1.60e-01,0x00,0x00,
534,1.60e-01,1.60e-01,0x00,0x00,
535,1.60e-01,1.60e-01,0x00,0x00,
536,1.60e-01,1.60e-01,0x00,0x00,
537,1.60e-01,1.60e-01,0x00,0x00,
538,1.60e-01,1.20e-01,0x00,0x00,
539,1.60e-01,1.20e-01,0x00,0x00,
540,1.60e-01,1.20e-01,0x00,0x00,
541,1.60e-01,1.20e-01,0x00,0x00,
542,1.20e-01,1.20e-01,0x00,0x00,
543,1.20e-01,1.20e-01,0x00,0x00,
544,1.20e-01,1.20e-01,0x00,0x00,
545,1.20e-01,1.20e-01,0x00,0x00,
546,1.20e-01,1.20e-01,0x00,0x00,
547,1.20e-01,1.20e-01,0x00,0x00,
548,1.20e-01,8.00e-02,0x00,0x00,
549,1.20e-01,8.00e-02,0x00,0x00,
550,1.20e-01,8.00e-02,0x00,0x00,
551,1.20e-01,8.00e-02,0x00,0x00,
552,1.20e-01,8.00e-02,0x00,0x00,
553,1.20e-01,8.00e-02,0x00,0x00,
554,8.00e-02,8.00e-02,0x00,0x00,
555,8.00e-02,8.00e-02,0x00,0x00,
556,8.00e-02,8.00e-02,0x00,0x00,
557,8.00e-02,8.00e-02,0x00,0x00,
558,8.00e-02,8.00e-02,0x00,0x00,
559,8.00e-02,8.00e-02,0x00,0x00,
560,8.00e-02,8.00e-02,0x00,0x00,
561,8.00e-02,8.00e-02,0x00,0x00,
562,8.00e-02,8.00e-02,0x00,0x00,
563,8.00e-02,8.00e-02,0x00,0x00,
564,8.00e-02,8.00e-02,0x00,0x00,
565,8.00e-02,8.00e-02,0x00,0x00,
566,8.00e-02,8.00e-02,0x00,0x00,
567,8.00e-02,8.00e-02,0x00,0x00,
568,8.00e-02,4.00e-02,0x00,0x00,
569,8.00e-02,4.00e-02,0x00,0x00,
570,8.00e-02,4.00e-02,0x00,0x00,
571,8.00e-02,4.00e-02,0x00,0x00,
572,8.00e-02,4.00e-02,0x00,0x00,
573,8.00e-02,4.00e-02,0x00,0x00,
574,4.00e-02,4.00e-02,0x00,0x00,
575,4.00e-02,4.00e-02,0x00,0x00,
576,8.00e-02,8.00e-02,0x00,0x00,
577,8.00e-02,8.00e-02,0x00,0x00,
578,1.20e-01,1.20e-01,0x00,0x00,
579,1.20e-01,1.20e-01,0x00,0x00,
580,3.20e-01,3.20e-01,0x00,0x00,
581,3.20e-01,3.20e-01,0x00,0x00,
582,5.20e-01,5.20e-01,0x00,0x00,
583,5.20e-01,5.20e-01,0x00,0x00,
584,6.80e-01,6.40e-01,0xF0,0xE0,
585,6.80e-01,6.40e-01,0xF0,0xE0,
586,7.20e-01,7.60e-01,0xFF,0xFB,
587,7.20e-01,7.60e-01,0xFF,0xFB,
588,8.40e-01,8.00e-01,0xFF,0xFF,
589,8.40e-01,8.00e-01,0xFF,0xFF,
590,9.60e-01,9.60e-01,0xFF,0xFF,
591,9.60e-01,9.60e-01,0xFF,0xFF,
592,1.08e+00,1.08e+00,0xFF,0xFF,
593,1.08e+00,1.08e+00,0xFF,0xFF,
594,1.20e+00,1.20e+00,0xFF,0xDF,
595,1.20e+00,1.20e+00,0xFF,0xDF,
596,1.24e+00,1.24e+00,0x7F,0xDF,
597,1.24e+00,1.24e+00,0x7F,0xDF,
598,1.24e+00,1.24e+00,0x3F,0xDD,
599,1.24e+00,1.24e+00,0x3F,0xDD,
600,1.24e+00,1.24e+00,0x3F,0xDC,
601,1.24e+00,1.24e+00,0x3F,0xDC,
602,1.28e+00,1.28e+00,0x3F,0xDC,
603,1.28e+00,1.28e+00,0x3F,0xDC,
604,1.36e+00,1.36e+00,0x3F,0xDC,
605,1.36e+00,1.36e+00,0x3F,0xDC,
606,1.40e+00,1.40e+00,0x3F,0xDC,
607,1.40e+00,1.40e+00,0x3F,0xDC,
608,1.44e+00,1.44e+00,0x3F,0xDC,
609,1.44e+00,1.44e+00,0x3F,0xDC,
610,1.48e+00,1.48e+00,0x3F,0xDC,
611,1.48e+00,1.48e+00,0x3F,0xDC,
612,1.48e+00,1.52e+00,0x3F,0xDC,
613,1.48e+00,1.52e+00,0x3F,0xDC,
614,1.52e+00,1.52e+00,0x3F,0xDC,
615,1.52e+00,1.52e+00,0x3F,0xDC,
616,1.60e+00,1.60e+00,0x3F,0xDC,
617,1.60e+00,1.60e+00,0x3F,0xDC,
618,1.64e+00,1.64e+00,0x3F,0xDC,
619,1.64e+00,1.64e+00,0x3F,0xDC,
620,1.64e+00,1.64e+00,0x3F,0xDC,
621,1.64e+00,1.64e+00,0x3F,0xDC,
622,1.64e+00,1.68e+00,0x3F,0xDC,
623,1.64e+00,1.68e+00,0x3F,0xDC,
624,1.68e+00,1.68e+00,0x3F,0xDC,
625,1.68e+00,1.68e+00,0x3F,0xDC,
626,1.68e+00,1.68e+00,0x3F,0xDC,
627,1.68e+00,1.68e+00,0x3F,0xDC,
628,1.68e+00,1.68e+00,0x3F,0xDC,
629,1.68e+00,1.68e+00,0x3F,0xDC,
630,1.72e+00,1.72e+00,0x3F,0xDC,
631,1.72e+00,1.72e+00,0x3F,0xDC,
632,1.72e+00,1.72e+00,0x3F,0xDC,
633,1.72e+00,1.72e+00,0x3F,0xDC,
634,1.72e+00,1.76e+00,0x3F,0xDC,
635,1.72e+00,1.76e+00,0x3F,0xDC,
636,1.76e+00,1.76e+00,0x3F,0xDC,
637,1.76e+00,1.76e+00,0x3F,0xDC,
638,1.76e+00,1.76e+00,0x3F,0xDC,
639,1.76e+00,1.76e+00,0x3F,0xDC,
640,1.76e+00,1.76e+00,0x3F,0xDC,
641,1.76e+00,1.76e+00,0x3F,0xDC,
642,1.76e+00,1.76e+00,0x3F,0xDC,
643,1.76e+00,1.76e+00,0x3F,0xDC,
644,1.84e+00,1.84e+00,0x3F,0xDC,
645,1.84e+00,1.84e+00,0x3F,0xDC,
646,1.84e+00,1.84e+00,0x3F,0xDC,
647,1.84e+00,1.84e+00,0x3F,0xDC,
648,1.84e+00,1.84e+00,0x3F,0xDC,
649,1.84e+00,1.84e+00,0x3F,0xDC,
650,1.84e+00,1.84e+00,0x3F,0xDC,
651,1.84e+00,1.84e+00,0x3F,0xDC,
652,1.84e+00,1.84e+00,0x3F,0xDC,
653,1.84e+00,1.84e+00,0x3F,0xDC,
654,1.84e+00,1.84e+00,0x3F,0xDC,
655,1.84e+00,1.84e+00,0x3F,0xDC,
656,1.84e+00,1.84e+00,0x3F,0xDC,
657,1.84e+00,1.84e+00,0x3F,0xDC,
658,1.84e+00,1.88e+00,0x3F,0xDC,
659,1.84e+00,1.88e+00,0x3F,0xDC,
660,1.88e+00,1.88e+00,0x3F,0xDC,
661,1.88e+00,1.88e+00,0x3F,0xDC,
662,1.88e+00,1.88e+00,0x3F,0xDC,
663,1.88e+00,1.88e+00,0x3F,0xDC,
664,1.88e+00,1.88e+00,0x3F,0xDC,
665,1.88e+00,1.88e+00,0x3F,0xDC,
666,1.88e+00,1.88e+00,0x3F,0xDC,
667,1.88e+00,1.88e+00,0x3F,0xDC,
668,1.88e+00,1.88e+00,0x3F,0xDC,
669,1.88e+00,1.88e+00,0x3F,0xDC,
670,1.88e+00,1.88e+00,0x3F,0xDC,
671,1.88e+00,1.88e+00,0x3F,0xDC,
672,1.88e+00,1.88e+00,0x3F,0xDC,
673,1.88e+00,1.88e+00,0x3F,0xDC,
674,1.88e+00,1.88e+00,0x3F,0xDC,
675,1.88e+00,1.88e+00,0x3F,0xDC,
676,1.88e+00,1.88e+00,0x3F,0xDC,
677,1.88e+00,1.88e+00,0x3F,0xDC,
678,1.76e+00,1.76e+00,0x3F,0xDC,
679,1.76e+00,1.76e+00,0x3F,0xDC,
680,1.64e+00,1.64e+00,0x3F,0xDC,
681,1.64e+00,1.64e+00,0x3F,0xDC,
682,1.40e+00,1.40e+00,0x3F,0xDC,
683,1.40e+00,1.40e+00,0x3F,0xDC,
684,1.28e+00,1.24e+00,0x3F,0xDC,
685,1.28e+00,1.24e+00,0x3F,0xDC,
686,1.20e+00,1.20e+00,0x3F,0xDC,
687,1.20e+00,1.20e+00,0x3F,0xDC,
688,1.08e+00,1.08e+00,0x3F,0xDC,
689,1.08e+00,1.08e+00,0x3F,0xDC,
690,9.60e-01,1.00e+00,0x3F,0xCC,
691,9.60e-01,1.00e+00,0x3F,0xCC,
692,8.40e-01,8.40e-01,0x17,0x48,
693,8.40e-01,8.40e-01,0x17,0x48,
694,7.60e-01,7.20e-01,0x15,0x08,
695,7.60e-01,7.20e-01,0x15,0x08,
696,7.20e-01,6.40e-01,0x01,0x00,
697,7.20e-01,6.40e-01,0x01,0x00,
698,6.80e-01,7.20e-01,0x00,0x00,
699,6.80e-01,7.20e-01,0x00,0x00,
700,6.80e-01,7.20e-01,0x00,0x00,
701,6.80e-01,7.20e-01,0x00,0x00,
702,6.80e-01,6.40e-01,0x00,0x00,
703,6.80e-01,6.40e-01,0x00,0x00,
704,6.00e-01,5.60e-01,0x00,0x00,
705,6.00e-01,5.60e-01,0x00,0x00,
706,5.20e-01,5.20e-01,0x00,0x00,
707,5.20e-01,5.20e-01,0x00,0x00,
708,4.80e-01,4.80e-01,0x00,0x00,
709,4.80e-01,4.80e-01,0x00,0x00,
710,4.00e-01,4.00e-01,0x00,0x00,
711,4.00e-01,4.00e-01,0x00,0x00,
712,4.00e-01,4.00e-01,0x00,0x00,
713,4.00e-01,4.00e-01,0x00,0x00,
714,3.60e-01,3.60e-01,0x00,0x00,
715,3.60e-01,3.60e-01,0x00,0x00,
716,3.60e-01,3.60e-01,0x00,0x00,
717,3.60e-01,3.60e-01,0x00,0x00,
718,3.20e-01,3.20e-01,0x00,0x00,
719,3.20e-01,3.20e-01,0x00,0x00,
720,3.20e-01,2.80e-01,0x00,0x00,
721,3.20e-01,2.80e-01,0x00,0x00,
722,2.80e-01,2.80e-01,0x00,0x00,
723,2.80e-01,2.80e-01,0x00,0x00,
724,2.80e-01,2.80e-01,0x00,0x00,
725,2.80e-01,2.80e-01,0x00,0x00,
726,2.80e-01,2.80e-01,0x00,0x00,
727,2.80e-01,2.80e-01,0x00,0x00,
728,3.20e-01,3.20e-01,0x00,0x00,
729,3.20e-01,3.20e-01,0x00,0x00,
730,5.20e-01,4.80e-01,0x00,0x00,
731,5.20e-01,4.80e-01,0x00,0x00,
732,7.20e-01,6.40e-01,0x00,0x20,
733,7.20e-01,6.40e-01,0x00,0x20,
734,8.00e-01,8.00e-01,0xF0,0xF3,
735,8.00e-01,8.00e-01,0xF0,0xF3,
736,8.40e-01,8.40e-01,0xFF,0xFF,
737,8.40e-01,8.40e-01,0xFF,0xFF,
738,9.60e-01,9.60e-01,0xFF,0xFF,
739,9.60e-01,9.60e-01,0xFF,0xFF,
740,1.08e+00,1.04e+00,0xFF,0xFF,
741,1.08e+00,1.04e+00,0xFF,0xFF,
742,1.20e+00,1.20e+00,0xFF,0xFF,
743,1.20e+00,1.20e+00,0xFF,0xFF,
744,1.28e+00,1.28e+00,0x7F,0xDF,
745,1.28e+00,1.28e+00,0x7F,0xDF,
746,1.36e+00,1.36e+00,0x3F,0xDD,
747,1.36e+00,1.36e+00,0x3F,0xDD,
748,1.36e+00,1.36e+00,0x3F,0xDC,
749,1.36e+00,1.36e+00,0x3F,0xDC,
750,1.36e+00,1.36e+00,0x3F,0xDC,
751,1.36e+00,1.36e+00,0x3F,0xDC,
752,1.36e+00,1.40e+00,0x3F,0xDC,
753,1.36e+00,1.40e+00,0x3F,0xDC,
754,1.40e+00,1.44e+00,0x3F,0xDC,
755,1.40e+00,1.44e+00,0x3F,0xDC,
756,1.48e+00,1.48e+00,0x3F,0xDC,
757,1.48e+00,1.48e+00,0x3F,0xDC,
758,1.48e+00,1.52e+00,0x3F,0xDC,
759,1.48e+00,1.52e+00,0x3F,0xDC,
760,1.52e+00,1.52e+00,0x3F,0xDC,
761,1.52e+00,1.52e+00,0x3F,0xDC,
762,1.52e+00,1.60e+00,0x3F,0xDC,
763,1.52e+00,1.60e+00,0x3F,0xDC,
764,1.60e+00,1.60e+00,0x3F,0xDC,
765,1.60e+00,1.60e+00,0x3F,0xDC,
766,1.64e+00,1.64e+00,0x3F,0xDC,
767,1.64e+00,1.64e+00,0x3F,0xDC,
768,1.64e+00,1.64e+00,0x3F,0xDC,
769,1.64e+00,1.64e+00,0x3F,0xDC,
770,1.68e+00,1.68e+00,0x3F,0xDC,
771,1.68e+00,1.68e+00,0x3F,0xDC,
772,1.68e+00,1.68e+00,0x3F,0xDC,
773,1.68e+00,1.68e+00,0x3F,0xDC,
774,1.68e+00,1.68e+00,0x3F,0xDC,
775,1.68e+00,1.68e+00,0x3F,0xDC,
776,1.68e+00,1.68e+00,0x3F,0xDC,
777,1.68e+00,1.68e+00,0x3F,0xDC,
778,1.64e+00,1.64e+00,0x3F,0xDC,
779,1.64e+00,1.64e+00,0x3F,0xDC,
780,1.44e+00,1.48e+00,0x3F,0xDC,
781,1.44e+00,1.48e+00,0x3F,0xDC,
782,1.24e+00,1.28e+00,0x3F,0xDC,
783,1.24e+00,1.28e+00,0x3F,0xDC,
784,1.16e+00,1.16e+00,0x3F,0xDC,
785,1.16e+00,1.16e+00,0x3F,0xDC,
786,1.08e+00,1.08e+00,0x3F,0xDC,
787,1.08e+00,1.08e+00,0x3F,0xDC,
788,1.00e+00,1.00e+00,0x1F,0x4C,
789,1.00e+00,1.00e+00,0x1F,0x4C,
790,8.40e-01,9.20e-01,0x05,0x00,
791,8.40e-01,9.20e-01,0x05,0x00,
792,7.60e-01,7.60e-01,0x00,0x00,
793,7.60e-01,7.60e-01,0x00,0x00,
794,6.80e-01,6.40e-01,0x00,0x00,
795,6.80e-01,6.40e-01,0x00,0x00,
796,6.00e-01,6.00e-01,0x00,0x00,
797,6.00e-01,6.00e-01,0x00,0x00,
798,6.00e-01,6.00e-01,0x00,0x00,
799,6.00e-01,6.00e-01,0x00,0x00,
800,6.00e-01,6.00e-01,0x00,0x00,
801,6.00e-01,6.00e-01,0x00,0x00,
802,6.00e-01,5.60e-01,0x00,0x00,
803,6.00e-01,5.60e-01,0x00,0x00,
804,5.20e-01,5.20e-01,0x00,0x00,
805,5.20e-01,5.20e-01,0x00,0x00,
806,4.80e-01,4.80e-01,0x00,0x00,
807,4.80e-01,4.80e-01,0x00,0x00,
808,4.00e-01,4.00e-01,0x00,0x00,
809,4.00e-01,4.00e-01,0x00,0x00,
810,4.00e-01,4.00e-01,0x00,0x00,
811,4.00e-01,4.00e-01,0x00,0x00,
812,3.60e-01,3.60e-01,0x00,0x00,
813,3.60e-01,3.60e-01,0x00,0x00,
814,3.60e-01,3.60e-01,0x00,0x00,
815,3.60e-01,3.60e-01,0x00,0x00,
816,3.20e-01,3.20e-01,0x00,0x00,
817,3.20e-01,3.20e-01,0x00,0x00,
818,2.80e-01,2.80e-01,0x00,0x00,
819,2.80e-01,2.80e-01,0x00,0x00,
820,2.80e-01,2.80e-01,0x00,0x00,
821,2.80e-01,2.80e-01,0x00,0x00,
822,2.80e-01,2.00e-01,0x00,0x00,
823,2.80e-01,2.00e-01,0x00,0x00,
824,2.80e-01,2.00e-01,0x00,0x00,
825,2.80e-01,2.00e-01,0x00,0x00,
826,2.40e-01,2.00e-01,0x00,0x00,
827,2.40e-01,2.00e-01,0x00,0x00,
828,3.20e-01,3.20e-01,0x00,0x00,
829,3.20e-01,3.20e-01,0x00,0x00,
830,4.80e-01,4.80e-01,0x00,0x00,
831,4.80e-01,4.80e-01,0x00,0x00,
832,6.80e-01,6.40e-01,0x00,0x20,
833,6.80e-01,6.40e-01,0x00,0x20,
834,7.60e-01,8.00e-01,0xF0,0xF1,
835,7.60e-01,8.00e-01,0xF0,0xF1,
836,8.40e-01,8.40e-01,0xFF,0xFF,
837,8.40e-01,8.40e-01,0xFF,0xFF,
838,9.60e-01,9.20e-01,0xFF,0xFF,
839,9.60e-01,9.20e-01,0xFF,0xFF,
840,1.08e+00,1.04e+00,0xFF,0xFF,
841,1.08e+00,1.04e+00,0xFF,0xFF,
842,1.20e+00,1.20e+00,0xFF,0xFF,
843,1.20e+00,1.20e+00,0xFF,0xFF,
844,1.28e+00,1.28e+00,0x7F,0xDF,
845,1.28e+00,1.28e+00,0x7F,0xDF,
846,1.28e+00,1.36e+00,0x3F,0xDD,
847,1.28e+00,1.36e+00,0x3F,0xDD,
848,1.36e+00,1.28e+00,0x3F,0xDD,
849,1.36e+00,1.28e+00,0x3F,0xDD,
850,1.36e+00,1.28e+00,0x3F,0xDC,
851,1.36e+00,1.28e+00,0x3F,0xDC,
852,1.36e+00,1.36e+00,0x3F,0xDC,
853,1.36e+00,1.36e+00,0x3F,0xDC,
854,1.40e+00,1.40e+00,0x3F,0xDC,
855,1.40e+00,1.40e+00,0x3F,0xDC,
856,1.44e+00,1.48e+00,0x3F,0xDC,
857,1.44e+00,1.48e+00,0x3F,0xDC,
858,1.48e+00,1.48e+00,0x3F,0xDC,
859,1.48e+00,1.48e+00,0x3F,0xDC,
860,1.52e+00,1.52e+00,0x3F,0xDC,
861,1.52e+00,1.52e+00,0x3F,0xDC,
862,1.52e+00,1.52e+00,0x3F,0xDC,
863,1.52e+00,1.52e+00,0x3F,0xDC,
864,1.60e+00,1.60e+00,0x3F,0xDC,
865,1.60e+00,1.60e+00,0x3F,0xDC,
866,1.64e+00,1.64e+00,0x3F,0xDC,
867,1.64e+00,1.64e+00,0x3F,0xDC,
868,1.64e+00,1.64e+00,0x3F,0xDC,
869,1.64e+00,1.64e+00,0x3F,0xDC,
870,1.68e+00,1.68e+00,0x3F,0xDC,
871,1.68e+00,1.68e+00,0x3F,0xDC,
872,1.68e+00,1.68e+00,0x3F,0xDC,
873,1.68e+00,1.68e+00,0x3F,0xDC,
874,1.68e+00,1.68e+00,0x3F,0xDC,
875,1.68e+00,1.68e+00,0x3F,0xDC,
876,1.68e+00,1.68e+00,0x3F,0xDC,
877,1.68e+00,1.68e+00,0x3F,0xDC,
878,1.64e+00,1.64e+00,0x3F,0xDC,
879,1.64e+00,1.64e+00,0x3F,0xDC,
880,1.44e+00,1.48e+00,0x3F,0xDC,
881,1.44e+00,1.48e+00,0x3F,0xDC,
882,1.24e+00,1.28e+00,0x3F,0xDC,
883,1.24e+00,1.28e+00,0x3F,0xDC,
884,1.16e+00,1.16e+00,0x3F,0xDC,
885,1.16e+00,1.16e+00,0x3F,0xDC,
886,1.08e+00,1.08e+00,0x3F,0xDC,
887,1.08e+00,1.08e+00,0x3F,0xDC,
888,1.00e+00,1.00e+00,0x1F,0x4C,
889,1.00e+00,1.00e+00,0x1F,0x4C,
890,8.40e-01,9.20e-01,0x01,0x00,
891,8.40e-01,9.20e-01,0x01,0x00,
892,7.60e-01,7.60e-01,0x00,0x00,
893,7.60e-01,7.60e-01,0x00,0x00,
894,6.80e-01,6.40e-01,0x00,0x00,
895,6.80e-01,6.40e-01,0x00,0x00,
896,6.00e-01,6.00e-01,0x00,0x00,
897,6.00e-01,6.00e-01,0x00,0x00,
898,6.00e-01,6.00e-01,0x00,0x00,
899,6.00e-01,6.00e-01,0x00,0x00,
900,6.00e-01,6.00e-01,0x00,0x00,
901,6.00e-01,6.00e-01,0x00,0x00,
902,5.60e-01,5.60e-01,0x00,0x00,
903,5.60e-01,5.60e-01,0x00,0x00,
904,5.20e-01,5.20e-01,0x00,0x00,
905,5.20e-01,5.20e-01,0x00,0x00,
906,4.80e-01,4.80e-01,0x00,0x00,
907,4.80e-01,4.80e-01,0x00,0x00,
908,4.00e-01,4.00e-01,0x00,0x00,
909,4.00e-01,4.00e-01,0x00,0x00,
910,4.00e-01,4.00e-01,0x00,0x00,
911,4.00e-01,4.00e-01,0x00,0x00,
912,3.60e-01,3.60e-01,0x00,0x00,
913,3.60e-01,3.60e-01,0x00,0x00,
914,3.60e-01,3.60e-01,0x00,0x00,
915,3.60e-01,3.60e-01,0x00,0x00,
916,3.20e-01,3.20e-01,0x00,0x00,
917,3.20e-01,3.20e-01,0x00,0x00,
918,2.80e-01,2.80e-01,0x00,0x00,
919,2.80e-01,2.80e-01,0x00,0x00,
920,2.80e-01,2.80e-01,0x00,0x00,
921,2.80e-01,2.80e-01,0x00,0x00,
922,2.80e-01,2.00e-01,0x00,0x00,
923,2.80e-01,2.00e-01,0x00,0x00,
924,2.80e-01,2.00e-01,0x00,0x00,
925,2.80e-01,2.00e-01,0x00,0x00,
926,2.40e-01,2.00e-01,0x00,0x00,
927,2.40e-01,2.00e-01,0x00,0x00,
928,3.20e-01,2.80e-01,0x00,0x00,
929,3.20e-01,2.80e-01,0x00,0x00,
930,4.80e-01,4.80e-01,0x00,0x00,
931,4.80e-01,4.80e-01,0x00,0x00,
932,6.80e-01,6.40e-01,0x00,0x20,
933,6.80e-01,6.40e-01,0x00,0x20,
934,7.60e-01,8.00e-01,0xF0,0xF1,
935,7.60e-01,8.00e-01,0xF0,0xF1,
936,8.40e-01,8.40e-01,0xFF,0xFF,
937,8.40e-01,8.40e-01,0xFF,0xFF,
938,9.60e-01,9.20e-01,0xFF,0xFF,
939,9.60e-01,9.20e-01,0xFF,0xFF,
940,1.08e+00,1.04e+00,0xFF,0xFF,
941,1.08e+00,1.04e+00,0xFF,0xFF,
942,1.20e+00,1.20e+00,0xFF,0xFF,
943,1.20e+00,1.20e+00,0xFF,0xFF,
944,1.28e+00,1.28e+00,0x7F,0xDF,
945,1.28e+00,1.28e+00,0x7F,0xDF,
946,1.28e+00,1.36e+00,0x3F,0xDD,
947,1.28e+00,1.36e+00,0x3F,0xDD,
948,1.36e+00,1.36e+00,0x3F,0xDD,
949,1.36e+00,1.36e+00,0x3F,0xDD,
950,1.36e+00,1.28e+00,0x3F,0xDC,
951,1.36e+00,1.28e+00,0x3F,0xDC,
952,1.36e+00,1.36e+00,0x3F,0xDC,
953,1.36e+00,1.36e+00,0x3F,0xDC,
954,1.40e+00,1.40e+00,0x3F,0xDC,
955,1.40e+00,1.40e+00,0x3F,0xDC,
956,1.44e+00,1.48e+00,0x3F,0xDC,
957,1.44e+00,1.48e+00,0x3F,0xDC,
958,1.48e+00,1.48e+00,0x3F,0xDC,
959,1.48e+00,1.48e+00,0x3F,0xDC,
960,1.52e+00,1.52e+00,0x3F,0xDC,
961,1.52e+00,1.52e+00,0x3F,0xDC,
962,1.52e+00,1.52e+00,0x3F,0xDC,
963,1.52e+00,1.52e+00,0x3F,0xDC,
964,1.60e+00,1.60e+00,0x3F,0xDC,
965,1.60e+00,1.60e+00,0x3F,0xDC,
966,1.64e+00,1.64e+00,0x3F,0xDC,
967,1.64e+00,1.64e+00,0x3F,0xDC,
968,1.64e+00,1.64e+00,0x3F,0xDC,
969,1.64e+00,1.64e+00,0x3F,0xDC,
970,1.68e+00,1.68e+00,0x3F,0xDC,
971,1.68e+00,1.68e+00,0x3F,0xDC,
972,1.68e+00,1.68e+00,0x3F,0xDC,
973,1.68e+00,1.68e+00,0x3F,0xDC,
974,1.68e+00,1.68e+00,0x3F,0xDC,
975,1.68e+00,1.68e+00,0x3F,0xDC,
976,1.68e+00,1.68e+00,0x3F,0xDC,
977,1.68e+00,1.68e+00,0x3F,0xDC,
978,1.64e+00,1.64e+00,0x3F,0xDC,
979,1.64e+00,1.64e+00,0x3F,0xDC,
980,1.44e+00,1.48e+00,0x3F,0xDC,
981,1.44e+00,1.48e+00,0x3F,0xDC,
982,1.24e+00,1.24e+00,0x3F,0xDC,
983,1.24e+00,1.24e+00,0x3F,0xDC,
984,1.16e+00,1.16e+00,0x3F,0xDC,
985,1.16e+00,1.16e+00,0x3F,0xDC,
986,1.08e+00,1.08e+00,0x3F,0xDC,
987,1.08e+00,1.08e+00,0x3F,0xDC,
988,1.00e+00,1.00e+00,0x1F,0x4C,
989,1.00e+00,1.00e+00,0x1F,0x4C,
990,8.40e-01,9.20e-01,0x05,0x00,
991,8.40e-01,9.20e-01,0x05,0x00,
992,7.60e-01,7.60e-01,0x00,0x00,
993,7.60e-01,7.60e-01,0x00,0x00,
994,6.80e-01,6.40e-01,0x00,0x00,
995,6.80e-01,6.40e-01,0x00,0x00,
996,6.00e-01,6.00e-01,0x00,0x00,
997,6.00e-01,6.00e-01,0x00,0x00,
998,6.00e-01,6.00e-01,0x00,0x00,
999,6.00e-01,6.00e-01,0x00,0x00,
1000,6.00e-01,6.00e-01,0x00,0x00,
1001,6.00e-01,6.00e-01,0x00,0x00,
1002,5.60e-01,5.60e-01,0x00,0x00,
1003,5.60e-01,5.60e-01,0x00,0x00,
1004,5.20e-01,5.20e-01,0x00,0x00,
1005,5.20e-01,5.20e-01,0x00,0x00,
1006,4.80e-01,4.80e-01,0x00,0x00,
1007,4.80e-01,4.80e-01,0x00,0x00,
1008,4.00e-01,4.00e-01,0x00,0x00,
1009,4.00e-01,4.00e-01,0x00,0x00,
1010,4.00e-01,4.00e-01,0x00,0x00,
1011,4.00e-01,4.00e-01,0x00,0x00,
1012,3.60e-01,3.60e-01,0x00,0x00,
1013,3.60e-01,3.60e-01,0x00,0x00,
1014,3.60e-01,3.20e-01,0x00,0x00,
1015,3.60e-01,3.20e-01,0x00,0x00,
1016,3.20e-01,3.20e-01,0x00,0x00,
1017,3.20e-01,3.20e-01,0x00,0x00,
1018,2.80e-01,2.80e-01,0x00,0x00,
1019,2.80e-01,2.80e-01,0x00,0x00,
1020,2.80e-01,2.80e-01,0x00,0x00,
1021,2.80e-01,2.80e-01,0x00,0x00,
1022,2.80e-01,2.00e-01,0x00,0x00,
1023,2.80e-01,2.00e-01,0x00,0x00,
1024,2.80e-01,2.00e-01,0x00,0x00,
1025,2.80e-01,2.00e-01,0x00,0x00,
1026,2.40e-01,2.00e-01,0x00,0x00,
1027,2.40e-01,2.00e-01,0x00,0x00,
1028,2.40e-01,2.00e-01,0x00,0x00,
1029,2.40e-01,2.00e-01,0x00,0x00,
1030,2.40e-01,1.60e-01,0x00,0x00,
1031,2.40e-01,1.60e-01,0x00,0x00,
1032,1.60e-01,1.60e-01,0x00,0x00,
1033,1.60e-01,1.60e-01,0x00,0x00,
1034,1.60e-01,1.60e-01,0x00,0x00,
1035,1.60e-01,1.60e-01,0x00,0x00,
1036,1.60e-01,1.60e-01,0x00,0x00,
1037,1.60e-01,1.60e-01,0x00,0x00,
1038,1.60e-01,1.20e-01,0x00,0x00,
1039,1.60e-01,1.20e-01,0x00,0x00,
1040,1.60e-01,1.20e-01,0x00,0x00,
1041,1.60e-01,1.20e-01,0x00,0x00,
1042,1.20e-01,1.20e-01,0x00,0x00,
1043,1.20e-01,1.20e-01,0x00,0x00,
1044,1.20e-01,1.20e-01,0x00,0x00,
1045,1.20e-01,1.20e-01,0x00,0x00,
1046,1.20e-01,1.20e-01,0x00,0x00,
1047,1.20e-01,1.20e-01,0x00,0x00,
1048,1.20e-01,8.00e-02,0x00,0x00,
1049,1.20e-01,8.00e-02,0x00,0x00,
1050,1.20e-01,8.00e-02,0x00,0x00,
1051,1.20e-01,8.00e-02,0x00,0x00,
1052,1.20e-01,8.00e-02,0x00,0x00,
1053,1.20e-01,8.00e-02,0x00,0x00,
1054,8.00e-02,8.00e-02,0x00,0x00,
1055,8.00e-02,8.00e-02,0x00,0x00,
1056,8.00e-02,8.00e-02,0x00,0x00,
1057,8.00e-02,8.00e-02,0x00,0x00,
1058,8.00e-02,8.00e-02,0x00,0x00,
1059,8.00e-02,8.00e-02,0x00,0x00,
1060,8.00e-02,8.00e-02,0x00,0x00,
1061,8.00e-02,8.00e-02,0x00,0x00,
1062,8.00e-02,8.00e-02,0x00,0x00,
1063,8.00e-02,8.00e-02,0x00,0x00,
1064,8.00e-02,8.00e-02,0x00,0x00,
1065,8.00e-02,8.00e-02,0x00,0x00,
1066,8.00e-02,8.00e-02,0x00,0x00,
1067,8.00e-02,8.00e-02,0x00,0x00,
1068,8.00e-02,4.00e-02,0x00,0x00,
1069,8.00e-02,4.00e-02,0x00,0x00,
1070,8.00e-02,4.00e-02,0x00,0x00,
1071,8.00e-02,4.00e-02,0x00,0x00,
1072,8.00e-02,4.00e-02,0x00,0x00,
1073,8.00e-02,4.00e-02,0x00,0x00,
1074,4.00e-02,4.00e-02,0x00,0x00,
1075,4.00e-02,4.00e-02,0x00,0x00,
1076,8.00e-02,8.00e-02,0x00,0x00,
1077,8.00e-02,8.00e-02,0x00,0x00,
1078,1.20e-01,1.20e-01,0x00,0x00,
1079,1.20e-01,1.20e-01,0x00,0x00,
1080,3.20e-01,3.20e-01,0x00,0x00,
1081,3.20e-01,3.20e-01,0x00,0x00,
1082,5.20e-01,5.20e-01,0x00,0x00,
1083,5.20e-01,5.20e-01,0x00,0x00,
1084,6.80e-01,6.40e-01,0xD0,0xE0,
1085,6.80e-01,6.40e-01,0xD0,0xE0,
1086,7.20e-01,7.60e-01,0xF7,0xFB,
1087,7.20e-01,7.60e-01,0xF7,0xFB,
1088,8.40e-01,8.00e-01,0xFF,0xFF,
1089,8.40e-01,8.00e-01,0xFF,0xFF,
1090,9.60e-01,9.60e-01,0xFF,0xFF,
1091,9.60e-01,9.60e-01,0xFF,0xFF,
1092,1.08e+00,1.08e+00,0xFF,0xFF,
1093,1.08e+00,1.08e+00,0xFF,0xFF,
1094,1.16e+00,1.20e+00,0xFF,0xFF,
1095,1.16e+00,1.20e+00,0xFF,0xFF,
1096,1.24e+00,1.24e+00,0x7F,0xDF,
1097,1.24e+00,1.24e+00,0x7F,0xDF,
1098,1.24e+00,1.24e+00,0x3F,0xDD,
1099,1.24e+00,1.24e+00,0x3F,0xDD,
1100,1.24e+00,1.24e+00,0x3F,0xDC,
1101,1.24e+00,1.24e+00,0x3F,0xDC,
1102,1.28e+00,1.28e+00,0x3F,0xDC,
1103,1.28e+00,1.28e+00,0x3F,0xDC,
1104,1.36e+00,1.36e+00,0x3F,0xDC,
1105,1.36e+00,1.36e+00,0x3F,0xDC,
1106,1.40e+00,1.40e+00,0x3F,0xDC,
1107,1.40e+00,1.40e+00,0x3F,0xDC,
1108,1.44e+00,1.44e+00,0x3F,0xDC,
1109,1.44e+00,1.44e+00,0x3F,0xDC,
1110,1.48e+00,1.48e+00,0x3F,0xDC,
1111,1.48e+00,1.48e+00,0x3F,0xDC,
1112,1.52e+00,1.52e+00,0x3F,0xDC,
1113,1.52e+00,1.52e+00,0x3F,0xDC,
1114,1.52e+00,1.52e+00,0x3F,0xDC,
1115,1.52e+00,1.52e+00,0x3F,0xDC,
1116,1.60e+00,1.60e+00,0x3F,0xDC,
1117,1.60e+00,1.60e+00,0x3F,0xDC,
1118,1.60e+00,1.64e+00,0x3F,0xDC,
1119,1.60e+00,1.64e+00,0x3F,0xDC,
1120,1.64e+00,1.64e+00,0x3F,0xDC,
1121,1.64e+00,1.64e+00,0x3F,0xDC,
1122,1.64e+00,1.68e+00,0x3F,0xDC,
1123,1.64e+00,1.68e+00,0x3F,0xDC,
1124,1.68e+00,1.68e+00,0x3F,0xDC,
1125,1.68e+00,1.68e+00,0x3F,0xDC,
1126,1.68e+00,1.68e+00,0x3F,0xDC,
1127,1.68e+00,1.68e+00,0x3F,0xDC,
1128,1.68e+00,1.68e+00,0x3F,0xDC,
1129,1.68e+00,1.68e+00,0x3F,0xDC,
1130,1.72e+00,1.72e+00,0x3F,0xDC,
1131,1.72e+00,1.72e+00,0x3F,0xDC,
1132,1.72e+00,1.72e+00,0x3F,0xDC,
1133,1.72e+00,1.72e+00,0x3F,0xDC,
1134,1.72e+00,1.72e+00,0x3F,0xDC,
1135,1.72e+00,1.72e+00,0x3F,0xDC,
1136,1.76e+00,1.76e+00,0x3F,0xDC,
1137,1.76e+00,1.76e+00,0x3F,0xDC,
1138,1.76e+00,1.76e+00,0x3F,0xDC,
1139,1.76e+00,1.76e+00,0x3F,0xDC,
1140,1.76e+00,1.76e+00,0x3F,0xDC,
1141,1.76e+00,1.76e+00,0x3F,0xDC,
1142,1.76e+00,1.84e+00,0x3F,0xDC,
1143,1.76e+00,1.84e+00,0x3F,0xDC,
1144,1.84e+00,1.84e+00,0x3F,0xDC,
1145,1.84e+00,1.84e+00,0x3F,0xDC,
1146,1.84e+00,1.84e+00,0x3F,0xDC,
1147,1.84e+00,1.84e+00,0x3F,0xDC,
1148,1.84e+00,1.84e+00,0x3F,0xDC,
1149,1.84e+00,1.84e+00,0x3F,0xDC,
1150,1.84e+00,1.84e+00,0x3F,0xDC,
1151,1.84e+00,1.84e+00,0x3F,0xDC,
1152,1.84e+00,1.84e+00,0x3F,0xDC,
1153,1.84e+00,1.84e+00,0x3F,0xDC,
1154,1.84e+00,1.84e+00,0x3F,0xDC,
1155,1.84e+00,1.84e+00,0x3F,0xDC,
1156,1.84e+00,1.84e+00,0x3F,0xDC,
1157,1.84e+00,1.84e+00,0x3F,0xDC,
1158,1.84e+00,1.88e+00,0x3F,0xDC,
1159,1.84e+00,1.88e+00,0x3F,0xDC,
1160,1.88e+00,1.88e+00,0x3F,0xDC,
1161,1.88e+00,1.88e+00,0x3F,0xDC,
1162,1.88e+00,1.88e+00,0x3F,0xDC,
1163,1.88e+00,1.88e+00,0x3F,0xDC,
1164,1.88e+00,1.88e+00,0x3F,0xDC,
1165,1.88e+00,1.88e+00,0x3F,0xDC,
1166,1.88e+00,1.88e+00,0x3F,0xDC,
1167,1.88e+00,1.88e+00,0x3F,0xDC,
1168,1.88e+00,1.88e+00,0x3F,0xDC,
1169,1.88e+00,1.88e+00,0x3F,0xDC,
1170,1.88e+00,1.88e+00,0x3F,0xDC,
1171,1.88e+00,1.88e+00,0x3F,0xDC,
1172,1.88e+00,1.88e+00,0x3F,0xDC,
1173,1.88e+00,1.88e+00,0x3F,0xDC,
1174,1.88e+00,1.88e+00,0x3F,0xDC,
1175,1.88e+00,1.88e+00,0x3F,0xDC,
1176,1.88e+00,1.88e+00,0x3F,0xDC,
1177,1.88e+00,1.88e+00,0x3F,0xDC,
1178,1.76e+00,1.76e+00,0x3F,0xDC,
1179,1.76e+00,1.76e+00,0x3F,0xDC,
1180,1.64e+00,1.64e+00,0x3F,0xDC,
1181,1.64e+00,1.64e+00,0x3F,0xDC,
1182,1.40e+00,1.40e+00,0x3F,0xDC,
1183,1.40e+00,1.40e+00,0x3F,0xDC,
1184,1.28e+00,1.24e+00,0x3F,0xDC,
1185,1.28e+00,1.24e+00,0x3F,0xDC,
1186,1.20e+00,1.20e+00,0x3F,0xDC,
1187,1.20e+00,1.20e+00,0x3F,0xDC,
1188,1.08e+00,1.08e+00,0x3F,0xDC,
1189,1.08e+00,1.08e+00,0x3F,0xDC,
1190,9.60e-01,1.00e+00,0x3F,0xCC,
1191,9.60e-01,1.00e+00,0x3F,0xCC,
1192,8.40e-01,8.40e-01,0x17,0x48,
1193,8.40e-01,8.40e-01,0x17,0x48,
1194,7.60e-01,7.20e-01,0x15,0x08,
1195,7.60e-01,7.20e-01,0x15,0x08,
1196,7.20e-01,6.40e-01,0x00,0x00,
1197,7.20e-01,6.40e-01,0x00,0x00,
1198,6.80e-01,6.40e-01,0x00,0x00,
1199,6.80e-01,6.40e-01,0x00,0x00,
